"","x_coord","y_coord_flip","team"
"1",77,-29,"WSH"
"2",63,2,"WSH"
"3",51,31,"WSH"
"4",86,12,"WSH"
"5",69,-29,"WSH"
"6",57,-23,"WSH"
"7",54,37,"WSH"
"8",70,-23,"WSH"
"9",78,36,"WSH"
"10",71,33,"WSH"
"11",61,-6,"WSH"
"12",81,-1,"WSH"
"13",57,31,"WSH"
"14",37,3,"WSH"
"15",70,-22,"WSH"
"16",72,15,"WSH"
"17",87,7,"WSH"
"18",52,-26,"WSH"
"19",84,-10,"WSH"
"20",55,4,"WSH"
"21",67,20,"WSH"
"22",55,-5,"WSH"
"23",38,8,"WSH"
"24",84,34,"WSH"
"25",67,-20,"WSH"
"26",69,8,"WSH"
"27",84,11,"WSH"
"28",62,1,"WSH"
"29",78,-4,"WSH"
"30",73,34,"WSH"
"31",84,29,"WSH"
"32",58,-7,"WSH"
"33",60,-17,"WSH"
"34",78,2,"WSH"
"35",70,-1,"WSH"
"36",84,25,"WSH"
"37",83,10,"WSH"
"38",73,30,"WSH"
"39",41,20,"WSH"
"40",51,12,"WSH"
"41",78,-8,"WSH"
"42",79,2,"WSH"
"43",60,14,"WSH"
"44",38,3,"WSH"
"45",60,16,"WSH"
"46",16,-12,"WSH"
"47",48,-14,"WSH"
"48",80,12,"WSH"
"49",74,-5,"WSH"
"50",87,-12,"WSH"
"51",48,2,"WSH"
"52",71,29,"WSH"
"53",52,18,"WSH"
"54",57,10,"WSH"
"55",44,18,"WSH"
"56",37,-28,"WSH"
"57",71,-10,"WSH"
"58",85,18,"WSH"
"59",37,-7,"WSH"
"60",58,1,"WSH"
"61",79,8,"WSH"
"62",71,-33,"WSH"
"63",76,-35,"WSH"
"64",40,-8,"WSH"
"65",45,0,"WSH"
"66",78,-1,"WSH"
"67",84,6,"WSH"
"68",44,-7,"WSH"
"69",70,-4,"WSH"
"70",45,26,"WSH"
"71",60,-23,"WSH"
"72",54,14,"WSH"
"73",82,34,"WSH"
"74",85,-22,"WSH"
"75",60,-10,"WSH"
"76",46,-25,"WSH"
"77",69,22,"WSH"
"78",76,4,"WSH"
"79",79,-3,"WSH"
"80",73,3,"WSH"
"81",83,13,"WSH"
"82",61,7,"WSH"
"83",65,-29,"WSH"
"84",67,-21,"WSH"
"85",63,-2,"WSH"
"86",77,-7,"WSH"
"87",57,25,"WSH"
"88",59,17,"WSH"
"89",32,-18,"WSH"
"90",43,-14,"WSH"
"91",79,-16,"WSH"
"92",37,7,"WSH"
"93",77,13,"WSH"
"94",59,-23,"WSH"
"95",54,3,"WSH"
"96",82,-5,"WSH"
"97",39,33,"WSH"
"98",72,11,"WSH"
"99",75,-1,"WSH"
"100",63,-2,"WSH"
"101",43,21,"WSH"
"102",51,1,"WSH"
"103",70,9,"WSH"
"104",56,38,"WSH"
"105",86,-8,"WSH"
"106",67,18,"WSH"
"107",69,8,"WSH"
"108",35,2,"WSH"
"109",50,2,"WSH"
"110",59,-31,"WSH"
"111",78,-1,"WSH"
"112",34,-31,"WSH"
"113",21,-12,"WSH"
"114",4,30,"WSH"
"115",89,-20,"WSH"
"116",66,7,"WSH"
"117",52,-26,"WSH"
"118",78,-27,"WSH"
"119",0,-3,"WSH"
"120",62,22,"WSH"
"121",84,5,"WSH"
"122",66,19,"WSH"
"123",80,6,"WSH"
"124",57,3,"WSH"
"125",72,-11,"WSH"
"126",75,-1,"WSH"
"127",80,-15,"WSH"
"128",53,-21,"WSH"
"129",72,29,"WSH"
"130",83,7,"WSH"
"131",87,15,"WSH"
"132",86,8,"WSH"
"133",76,18,"WSH"
"134",10,-1,"WSH"
"135",76,-21,"WSH"
"136",5,35,"WSH"
"137",54,-19,"WSH"
"138",81,-15,"WSH"
"139",53,-17,"WSH"
"140",91,28,"WSH"
"141",52,20,"WSH"
"142",46,25,"WSH"
"143",32,-27,"WSH"
"144",79,-5,"WSH"
"145",66,-20,"WSH"
"146",78,0,"WSH"
"147",34,-29,"WSH"
"148",64,-1,"WSH"
"149",83,-12,"WSH"
"150",79,-28,"WSH"
"151",42,32,"WSH"
"152",58,-2,"WSH"
"153",64,8,"WSH"
"154",63,-22,"WSH"
"155",83,-28,"WSH"
"156",69,38,"WSH"
"157",31,-18,"WSH"
"158",53,6,"WSH"
"159",33,-28,"WSH"
"160",54,-35,"WSH"
"161",58,32,"WSH"
"162",38,-1,"WSH"
"163",36,-5,"WSH"
"164",54,-13,"WSH"
"165",57,33,"WSH"
"166",39,4,"WSH"
"167",74,-9,"WSH"
"168",54,13,"WSH"
"169",86,31,"WSH"
"170",54,-5,"WSH"
"171",54,-27,"WSH"
"172",39,-29,"WSH"
"173",76,23,"WSH"
"174",46,-9,"WSH"
"175",39,5,"WSH"
"176",37,26,"WSH"
"177",54,32,"WSH"
"178",63,19,"WSH"
"179",17,33,"WSH"
"180",64,-1,"WSH"
"181",64,-24,"WSH"
"182",82,-24,"WSH"
"183",74,3,"WSH"
"184",70,-30,"WSH"
"185",57,29,"WSH"
"186",78,-2,"WSH"
"187",79,36,"WSH"
"188",79,2,"WSH"
"189",77,7,"WSH"
"190",70,-4,"WSH"
"191",84,-6,"WSH"
"192",43,-15,"WSH"
"193",64,-7,"WSH"
"194",34,25,"WSH"
"195",53,-18,"WSH"
"196",56,2,"WSH"
"197",70,-16,"WSH"
"198",54,9,"WSH"
"199",17,-23,"WSH"
"200",55,-20,"WSH"
"201",74,-1,"WSH"
"202",82,-36,"WSH"
"203",71,-5,"WSH"
"204",78,0,"WSH"
"205",38,-21,"WSH"
"206",56,-34,"WSH"
"207",63,-3,"WSH"
"208",69,-29,"WSH"
"209",81,7,"WSH"
"210",37,-1,"WSH"
"211",45,1,"WSH"
"212",66,5,"WSH"
"213",64,-6,"WSH"
"214",58,-28,"WSH"
"215",77,-5,"WSH"
"216",79,4,"WSH"
"217",84,-23,"WSH"
"218",62,-16,"WSH"
"219",61,-14,"WSH"
"220",61,-34,"WSH"
"221",63,17,"WSH"
"222",72,15,"WSH"
"223",35,-20,"WSH"
"224",50,12,"WSH"
"225",44,20,"WSH"
"226",80,-13,"WSH"
"227",75,-10,"WSH"
"228",7,29,"WSH"
"229",59,-26,"WSH"
"230",67,5,"WSH"
"231",53,-28,"WSH"
"232",79,24,"WSH"
"233",85,-8,"WSH"
"234",84,-7,"WSH"
"235",32,-32,"WSH"
"236",34,8,"WSH"
"237",33,-10,"WSH"
"238",42,-16,"WSH"
"239",94,27,"WSH"
"240",57,10,"WSH"
"241",60,-26,"WSH"
"242",73,16,"WSH"
"243",43,-7,"WSH"
"244",68,-22,"WSH"
"245",50,-31,"WSH"
"246",73,-3,"WSH"
"247",74,14,"WSH"
"248",79,-1,"WSH"
"249",57,36,"WSH"
"250",77,-7,"WSH"
"251",51,-22,"WSH"
"252",54,-14,"WSH"
"253",60,34,"WSH"
"254",75,12,"WSH"
"255",33,-6,"WSH"
"256",64,-17,"WSH"
"257",62,15,"WSH"
"258",66,-12,"WSH"
"259",43,-11,"WSH"
"260",87,6,"WSH"
"261",70,-30,"WSH"
"262",72,6,"WSH"
"263",75,-9,"WSH"
"264",82,-2,"WSH"
"265",81,-4,"WSH"
"266",81,-7,"WSH"
"267",13,21,"WSH"
"268",55,-24,"WSH"
"269",37,-33,"WSH"
"270",34,31,"WSH"
"271",59,16,"WSH"
"272",60,4,"WSH"
"273",79,-7,"WSH"
"274",72,-16,"WSH"
"275",84,4,"WSH"
"276",75,-1,"WSH"
"277",31,36,"WSH"
"278",60,22,"WSH"
"279",66,26,"WSH"
"280",54,-28,"WSH"
"281",81,0,"WSH"
"282",48,-11,"WSH"
"283",31,35,"WSH"
"284",78,7,"WSH"
"285",56,13,"WSH"
"286",65,-10,"WSH"
"287",59,-9,"WSH"
"288",29,-29,"WSH"
"289",64,35,"WSH"
"290",72,15,"WSH"
"291",32,-35,"WSH"
"292",49,35,"WSH"
"293",34,-25,"WSH"
"294",57,24,"WSH"
"295",67,-21,"WSH"
"296",65,-8,"WSH"
"297",75,-9,"WSH"
"298",76,10,"WSH"
"299",84,-5,"WSH"
"300",67,-5,"WSH"
"301",82,4,"WSH"
"302",48,-27,"WSH"
"303",80,-18,"WSH"
"304",61,26,"WSH"
"305",34,32,"WSH"
"306",67,22,"WSH"
"307",32,27,"WSH"
"308",63,-23,"WSH"
"309",65,0,"WSH"
"310",37,25,"WSH"
"311",71,-38,"WSH"
"312",44,5,"WSH"
"313",58,4,"WSH"
"314",44,4,"WSH"
"315",58,-26,"WSH"
"316",35,-14,"WSH"
"317",77,20,"WSH"
"318",62,4,"WSH"
"319",65,-18,"WSH"
"320",77,-4,"WSH"
"321",72,-2,"WSH"
"322",36,25,"WSH"
"323",70,14,"WSH"
"324",76,-3,"WSH"
"325",64,-26,"WSH"
"326",60,26,"WSH"
"327",72,26,"WSH"
"328",18,-36,"WSH"
"329",60,21,"WSH"
"330",44,9,"WSH"
"331",40,-30,"WSH"
"332",63,-1,"WSH"
"333",3,39,"WSH"
"334",70,-11,"WSH"
"335",57,38,"WSH"
"336",86,9,"WSH"
"337",78,-22,"WSH"
"338",60,-20,"WSH"
"339",73,-1,"WSH"
"340",35,37,"WSH"
"341",67,18,"WSH"
"342",33,11,"WSH"
"343",30,-35,"WSH"
"344",56,5,"WSH"
"345",87,-9,"WSH"
"346",23,-33,"WSH"
"347",34,16,"WSH"
"348",79,-1,"WSH"
"349",5,14,"WSH"
"350",64,22,"WSH"
"351",80,-3,"WSH"
"352",76,-20,"WSH"
"353",36,4,"WSH"
"354",74,2,"WSH"
"355",43,18,"WSH"
"356",78,7,"WSH"
"357",84,8,"WSH"
"358",82,9,"WSH"
"359",53,20,"WSH"
"360",78,-5,"WSH"
"361",56,18,"WSH"
"362",54,19,"WSH"
"363",84,12,"WSH"
"364",20,28,"WSH"
"365",85,24,"WSH"
"366",61,-19,"WSH"
"367",75,-5,"WSH"
"368",85,-20,"WSH"
"369",63,-29,"WSH"
"370",71,5,"WSH"
"371",71,-20,"WSH"
"372",84,-16,"WSH"
"373",81,7,"WSH"
"374",80,12,"WSH"
"375",76,4,"WSH"
"376",79,-4,"WSH"
"377",58,-19,"WSH"
"378",77,7,"WSH"
"379",64,29,"WSH"
"380",65,34,"WSH"
"381",79,-6,"WSH"
"382",35,-15,"WSH"
"383",77,14,"WSH"
"384",73,4,"WSH"
"385",34,-22,"WSH"
"386",59,-28,"WSH"
"387",74,0,"WSH"
"388",67,-20,"WSH"
"389",77,-35,"WSH"
"390",55,24,"WSH"
"391",33,-1,"WSH"
"392",37,-23,"WSH"
"393",64,34,"WSH"
"394",66,-22,"WSH"
"395",79,-21,"WSH"
"396",70,-21,"WSH"
"397",69,-11,"WSH"
"398",93,-10,"WSH"
"399",37,-24,"WSH"
"400",49,-22,"WSH"
"401",58,-12,"WSH"
"402",75,-21,"WSH"
"403",49,-22,"WSH"
"404",81,3,"WSH"
"405",81,7,"WSH"
"406",57,-23,"WSH"
"407",58,-30,"WSH"
"408",71,30,"WSH"
"409",58,5,"WSH"
"410",68,-20,"WSH"
"411",87,25,"WSH"
"412",93,-18,"WSH"
"413",57,-19,"WSH"
"414",70,1,"WSH"
"415",73,2,"WSH"
"416",64,-33,"WSH"
"417",39,18,"WSH"
"418",66,-19,"WSH"
"419",74,26,"WSH"
"420",39,-18,"WSH"
"421",80,-5,"WSH"
"422",60,12,"WSH"
"423",78,-30,"WSH"
"424",64,24,"WSH"
"425",83,-36,"WSH"
"426",75,-3,"WSH"
"427",80,16,"WSH"
"428",34,-25,"WSH"
"429",48,-5,"WSH"
"430",73,34,"WSH"
"431",59,23,"WSH"
"432",85,29,"WSH"
"433",42,-33,"WSH"
"434",82,6,"WSH"
"435",36,3,"WSH"
"436",84,-10,"WSH"
"437",52,33,"WSH"
"438",74,5,"WSH"
"439",42,-12,"WSH"
"440",61,36,"WSH"
"441",59,28,"WSH"
"442",76,9,"WSH"
"443",23,6,"WSH"
"444",4,7,"WSH"
"445",32,15,"WSH"
"446",60,7,"WSH"
"447",46,3,"WSH"
"448",43,25,"WSH"
"449",75,-28,"WSH"
"450",63,16,"WSH"
"451",35,16,"WSH"
"452",88,32,"WSH"
"453",37,30,"WSH"
"454",84,7,"WSH"
"455",51,-29,"WSH"
"456",59,32,"WSH"
"457",75,26,"WSH"
"458",55,-10,"WSH"
"459",38,-19,"WSH"
"460",60,-27,"WSH"
"461",51,31,"WSH"
"462",54,-11,"WSH"
"463",34,28,"WSH"
"464",81,-7,"WSH"
"465",33,15,"WSH"
"466",31,-30,"WSH"
"467",1,7,"WSH"
"468",70,-28,"WSH"
"469",44,-31,"WSH"
"470",91,-28,"WSH"
"471",64,-22,"WSH"
"472",66,-24,"WSH"
"473",20,-7,"WSH"
"474",61,-13,"WSH"
"475",65,-22,"WSH"
"476",72,3,"WSH"
"477",55,-27,"WSH"
"478",73,-19,"WSH"
"479",52,-16,"WSH"
"480",36,-10,"WSH"
"481",70,12,"WSH"
"482",80,0,"WSH"
"483",40,3,"WSH"
"484",63,22,"WSH"
"485",61,19,"WSH"
"486",34,8,"WSH"
"487",34,-29,"WSH"
"488",76,-2,"WSH"
"489",30,-19,"WSH"
"490",81,-2,"WSH"
"491",82,-3,"WSH"
"492",50,-13,"WSH"
"493",34,-27,"WSH"
"494",65,-10,"WSH"
"495",63,18,"WSH"
"496",47,-23,"WSH"
"497",57,-18,"WSH"
"498",53,21,"WSH"
"499",34,28,"WSH"
"500",36,-25,"WSH"
"501",80,-6,"WSH"
"502",40,30,"WSH"
"503",53,32,"WSH"
"504",52,-17,"WSH"
"505",41,29,"WSH"
"506",41,31,"WSH"
"507",82,-8,"WSH"
"508",32,5,"WSH"
"509",61,-24,"WSH"
"510",59,-1,"WSH"
"511",70,-33,"WSH"
"512",65,-12,"WSH"
"513",81,-5,"WSH"
"514",81,-1,"WSH"
"515",69,-24,"WSH"
"516",71,-6,"WSH"
"517",49,28,"WSH"
"518",42,-28,"WSH"
"519",83,-8,"WSH"
"520",30,10,"WSH"
"521",86,8,"WSH"
"522",61,-31,"WSH"
"523",71,38,"WSH"
"524",67,-2,"WSH"
"525",72,20,"WSH"
"526",61,-22,"WSH"
"527",64,12,"WSH"
"528",81,14,"WSH"
"529",41,6,"WSH"
"530",81,39,"WSH"
"531",79,8,"WSH"
"532",74,-3,"WSH"
"533",74,37,"WSH"
"534",37,-36,"WSH"
"535",31,-11,"WSH"
"536",76,-38,"WSH"
"537",46,17,"WSH"
"538",35,18,"WSH"
"539",55,20,"WSH"
"540",67,4,"WSH"
"541",56,8,"WSH"
"542",64,-40,"WSH"
"543",69,-3,"WSH"
"544",34,-28,"WSH"
"545",65,25,"WSH"
"546",76,16,"WSH"
"547",32,33,"WSH"
"548",1,15,"WSH"
"549",57,20,"WSH"
"550",61,29,"WSH"
"551",59,32,"WSH"
"552",71,-26,"WSH"
"553",79,1,"WSH"
"554",77,-4,"WSH"
"555",68,-11,"WSH"
"556",58,0,"WSH"
"557",58,-19,"WSH"
"558",67,-10,"WSH"
"559",33,-28,"WSH"
"560",73,0,"WSH"
"561",72,2,"WSH"
"562",73,27,"WSH"
"563",35,-4,"WSH"
"564",76,1,"WSH"
"565",59,-24,"WSH"
"566",37,4,"WSH"
"567",51,-24,"WSH"
"568",72,18,"WSH"
"569",30,23,"WSH"
"570",61,-13,"WSH"
"571",63,1,"WSH"
"572",81,7,"WSH"
"573",47,-29,"WSH"
"574",65,-8,"WSH"
"575",63,-13,"WSH"
"576",38,-23,"WSH"
"577",43,-23,"WSH"
"578",64,23,"WSH"
"579",73,-1,"WSH"
"580",60,-18,"WSH"
"581",35,7,"WSH"
"582",55,-1,"WSH"
"583",60,-16,"WSH"
"584",63,23,"WSH"
"585",70,16,"WSH"
"586",67,0,"WSH"
"587",33,-32,"WSH"
"588",63,21,"WSH"
"589",60,-20,"WSH"
"590",45,-18,"WSH"
"591",36,-23,"WSH"
"592",48,1,"WSH"
"593",72,18,"WSH"
"594",82,-21,"WSH"
"595",68,30,"WSH"
"596",52,-20,"WSH"
"597",36,21,"WSH"
"598",35,-29,"WSH"
"599",67,16,"WSH"
"600",39,16,"WSH"
"601",74,15,"WSH"
"602",56,0,"WSH"
"603",73,3,"WSH"
"604",78,-14,"WSH"
"605",47,-14,"WSH"
"606",81,1,"WSH"
"607",40,-20,"WSH"
"608",54,-37,"WSH"
"609",31,23,"WSH"
"610",38,-30,"WSH"
"611",40,21,"WSH"
"612",50,-1,"WSH"
"613",77,1,"WSH"
"614",59,-4,"WSH"
"615",58,19,"WSH"
"616",75,-1,"WSH"
"617",62,-35,"WSH"
"618",42,-22,"WSH"
"619",72,-3,"WSH"
"620",85,-7,"WSH"
"621",86,7,"WSH"
"622",55,23,"WSH"
"623",36,-29,"WSH"
"624",42,-9,"WSH"
"625",41,22,"WSH"
"626",14,-13,"WSH"
"627",69,15,"WSH"
"628",33,6,"WSH"
"629",47,-16,"WSH"
"630",61,-17,"WSH"
"631",39,20,"WSH"
"632",71,-3,"WSH"
"633",72,19,"WSH"
"634",77,-1,"WSH"
"635",73,21,"WSH"
"636",41,-19,"WSH"
"637",1,-25,"WSH"
"638",1,-23,"WSH"
"639",3,39,"WSH"
"640",57,-15,"WSH"
"641",62,29,"WSH"
"642",34,1,"WSH"
"643",76,-25,"WSH"
"644",37,-21,"WSH"
"645",60,-25,"WSH"
"646",83,-19,"WSH"
"647",59,-24,"WSH"
"648",75,-8,"WSH"
"649",63,7,"WSH"
"650",69,21,"WSH"
"651",57,3,"WSH"
"652",78,13,"WSH"
"653",68,16,"WSH"
"654",82,11,"WSH"
"655",75,0,"WSH"
"656",82,7,"WSH"
"657",57,-26,"WSH"
"658",67,1,"WSH"
"659",34,3,"WSH"
"660",55,25,"WSH"
"661",65,-29,"WSH"
"662",82,-33,"WSH"
"663",71,-5,"WSH"
"664",82,8,"WSH"
"665",61,4,"WSH"
"666",63,-22,"WSH"
"667",81,23,"WSH"
"668",4,36,"WSH"
"669",75,23,"WSH"
"670",36,19,"WSH"
"671",70,-5,"WSH"
"672",55,-25,"WSH"
"673",48,21,"WSH"
"674",79,-31,"WSH"
"675",84,10,"WSH"
"676",65,-20,"WSH"
"677",58,-25,"WSH"
"678",66,-22,"WSH"
"679",44,28,"WSH"
"680",39,28,"WSH"
"681",47,-12,"WSH"
"682",48,-34,"WSH"
"683",39,-28,"WSH"
"684",48,-23,"WSH"
"685",40,-23,"WSH"
"686",58,-31,"WSH"
"687",69,2,"WSH"
"688",39,24,"WSH"
"689",71,2,"WSH"
"690",80,6,"WSH"
"691",40,10,"WSH"
"692",65,12,"WSH"
"693",1,39,"WSH"
"694",72,11,"WSH"
"695",44,-19,"WSH"
"696",88,18,"WSH"
"697",66,-19,"WSH"
"698",18,-31,"WSH"
"699",65,-20,"WSH"
"700",85,-11,"WSH"
"701",46,-28,"WSH"
"702",84,3,"WSH"
"703",62,23,"WSH"
"704",84,18,"WSH"
"705",34,-27,"WSH"
"706",64,5,"WSH"
"707",67,-23,"WSH"
"708",80,11,"WSH"
"709",52,-29,"WSH"
"710",83,6,"WSH"
"711",62,-25,"WSH"
"712",52,-28,"WSH"
"713",48,32,"WSH"
"714",42,1,"WSH"
"715",61,-5,"WSH"
"716",72,12,"WSH"
"717",52,31,"WSH"
"718",53,14,"WSH"
"719",36,-26,"WSH"
"720",83,9,"WSH"
"721",63,-23,"WSH"
"722",41,20,"WSH"
"723",94,-9,"WSH"
"724",44,-26,"WSH"
"725",44,29,"WSH"
"726",39,-1,"WSH"
"727",79,-5,"WSH"
"728",82,-8,"WSH"
"729",58,-33,"WSH"
"730",42,33,"WSH"
"731",75,-4,"WSH"
"732",67,-29,"WSH"
"733",49,34,"WSH"
"734",60,-29,"WSH"
"735",71,-14,"WSH"
"736",43,13,"WSH"
"737",54,28,"WSH"
"738",42,-3,"WSH"
"739",82,-4,"WSH"
"740",46,-19,"WSH"
"741",66,-9,"WSH"
"742",40,-23,"WSH"
"743",53,11,"WSH"
"744",86,21,"WSH"
"745",45,-2,"WSH"
"746",67,7,"WSH"
"747",49,-24,"WSH"
"748",49,-7,"WSH"
"749",48,-22,"WSH"
"750",54,18,"WSH"
"751",77,-7,"WSH"
"752",70,-10,"WSH"
"753",48,-27,"WSH"
"754",80,-10,"WSH"
"755",74,15,"WSH"
"756",84,9,"WSH"
"757",73,-13,"WSH"
"758",77,9,"WSH"
"759",68,-5,"WSH"
"760",73,6,"WSH"
"761",64,-36,"WSH"
"762",64,35,"WSH"
"763",59,16,"WSH"
"764",60,36,"WSH"
"765",79,3,"WSH"
"766",89,-28,"WSH"
"767",60,-28,"WSH"
"768",56,-26,"WSH"
"769",59,-24,"WSH"
"770",68,-25,"WSH"
"771",54,21,"WSH"
"772",73,-28,"WSH"
"773",78,-1,"WSH"
"774",85,9,"WSH"
"775",55,8,"WSH"
"776",55,-19,"WSH"
"777",78,-28,"WSH"
"778",54,-22,"WSH"
"779",75,28,"WSH"
"780",81,12,"WSH"
"781",49,38,"WSH"
"782",88,12,"WSH"
"783",31,21,"WSH"
"784",75,3,"WSH"
"785",78,3,"WSH"
"786",34,22,"WSH"
"787",72,-21,"WSH"
"788",69,-14,"WSH"
"789",47,-5,"WSH"
"790",79,35,"WSH"
"791",73,38,"WSH"
"792",82,5,"WSH"
"793",52,-25,"WSH"
"794",77,0,"WSH"
"795",50,9,"WSH"
"796",83,9,"WSH"
"797",88,7,"WSH"
"798",79,-2,"WSH"
"799",66,-14,"WSH"
"800",4,17,"WSH"
"801",33,-28,"WSH"
"802",80,-6,"WSH"
"803",75,-1,"WSH"
"804",76,-3,"WSH"
"805",75,-2,"WSH"
"806",75,-3,"WSH"
"807",47,-21,"WSH"
"808",91,17,"WSH"
"809",45,-13,"WSH"
"810",48,-26,"WSH"
"811",81,-12,"WSH"
"812",64,-1,"WSH"
"813",80,7,"WSH"
"814",79,-9,"WSH"
"815",46,-21,"WSH"
"816",51,-10,"WSH"
"817",67,15,"WSH"
"818",35,0,"WSH"
"819",65,12,"WSH"
"820",79,14,"WSH"
"821",33,30,"WSH"
"822",69,-3,"WSH"
"823",58,1,"WSH"
"824",66,3,"WSH"
"825",64,-21,"WSH"
"826",58,26,"WSH"
"827",46,-12,"WSH"
"828",52,-2,"WSH"
"829",76,-8,"WSH"
"830",85,23,"WSH"
"831",78,6,"WSH"
"832",53,28,"WSH"
"833",59,0,"WSH"
"834",73,23,"WSH"
"835",70,-19,"WSH"
"836",66,-19,"WSH"
"837",70,-16,"WSH"
"838",63,20,"WSH"
"839",46,-2,"WSH"
"840",60,21,"WSH"
"841",72,1,"WSH"
"842",83,12,"WSH"
"843",79,5,"WSH"
"844",69,-23,"WSH"
"845",51,-22,"WSH"
"846",53,32,"WSH"
"847",63,31,"WSH"
"848",85,8,"WSH"
"849",87,30,"WSH"
"850",51,3,"WSH"
"851",35,-6,"WSH"
"852",57,-15,"WSH"
"853",66,-7,"WSH"
"854",56,-31,"WSH"
"855",35,29,"WSH"
"856",34,28,"WSH"
"857",51,21,"WSH"
"858",66,-23,"WSH"
"859",52,-1,"WSH"
"860",60,28,"WSH"
"861",48,34,"WSH"
"862",73,18,"WSH"
"863",58,2,"WSH"
"864",46,6,"WSH"
"865",66,27,"WSH"
"866",45,-22,"WSH"
"867",74,3,"WSH"
"868",80,-18,"WSH"
"869",35,22,"WSH"
"870",66,7,"WSH"
"871",47,-18,"WSH"
"872",50,25,"WSH"
"873",53,35,"WSH"
"874",68,-25,"WSH"
"875",80,16,"WSH"
"876",80,-21,"WSH"
"877",76,10,"WSH"
"878",75,-9,"WSH"
"879",68,5,"WSH"
"880",75,1,"WSH"
"881",66,12,"WSH"
"882",74,-1,"WSH"
"883",88,4,"WSH"
"884",77,-31,"WSH"
"885",35,-4,"WSH"
"886",65,-25,"WSH"
"887",48,-1,"WSH"
"888",63,-7,"WSH"
"889",84,21,"WSH"
"890",57,-25,"WSH"
"891",37,23,"WSH"
"892",75,-15,"WSH"
"893",83,29,"WSH"
"894",91,16,"WSH"
"895",76,10,"WSH"
"896",83,5,"WSH"
"897",34,-5,"WSH"
"898",61,16,"WSH"
"899",86,8,"WSH"
"900",76,-14,"WSH"
"901",53,31,"WSH"
"902",51,12,"WSH"
"903",33,-7,"WSH"
"904",48,7,"WSH"
"905",76,-5,"WSH"
"906",73,2,"WSH"
"907",52,-18,"WSH"
"908",81,-2,"WSH"
"909",38,-10,"WSH"
"910",57,2,"WSH"
"911",78,3,"WSH"
"912",64,4,"WSH"
"913",75,29,"WSH"
"914",80,0,"WSH"
"915",79,0,"WSH"
"916",31,-21,"WSH"
"917",50,-17,"WSH"
"918",48,-16,"WSH"
"919",35,4,"WSH"
"920",32,19,"WSH"
"921",73,-10,"WSH"
"922",46,14,"WSH"
"923",79,-16,"WSH"
"924",54,21,"WSH"
"925",43,-31,"WSH"
"926",78,-3,"WSH"
"927",74,7,"WSH"
"928",74,33,"WSH"
"929",63,-23,"WSH"
"930",41,-27,"WSH"
"931",35,-24,"WSH"
"932",71,-36,"WSH"
"933",35,-27,"WSH"
"934",51,-1,"WSH"
"935",74,4,"WSH"
"936",43,-20,"WSH"
"937",86,-32,"WSH"
"938",74,18,"WSH"
"939",80,-5,"WSH"
"940",81,-25,"WSH"
"941",83,7,"WSH"
"942",79,-2,"WSH"
"943",78,-27,"WSH"
"944",61,28,"WSH"
"945",31,19,"WSH"
"946",79,9,"WSH"
"947",67,31,"WSH"
"948",78,1,"WSH"
"949",81,9,"WSH"
"950",77,3,"WSH"
"951",67,-20,"WSH"
"952",71,-13,"WSH"
"953",34,-31,"WSH"
"954",78,-2,"WSH"
"955",32,13,"WSH"
"956",37,18,"WSH"
"957",43,-34,"WSH"
"958",55,-37,"WSH"
"959",54,-16,"WSH"
"960",35,-31,"WSH"
"961",46,-13,"WSH"
"962",34,29,"WSH"
"963",66,32,"WSH"
"964",79,8,"WSH"
"965",67,-28,"WSH"
"966",45,0,"WSH"
"967",86,-8,"WSH"
"968",36,27,"WSH"
"969",50,-41,"WSH"
"970",48,1,"WSH"
"971",34,-32,"WSH"
"972",60,-16,"WSH"
"973",44,-21,"WSH"
"974",79,5,"WSH"
"975",62,-3,"WSH"
"976",38,-8,"WSH"
"977",50,-20,"WSH"
"978",68,-19,"WSH"
"979",75,13,"WSH"
"980",76,19,"WSH"
"981",76,-1,"WSH"
"982",3,-32,"WSH"
"983",52,16,"WSH"
"984",76,-31,"WSH"
"985",81,10,"WSH"
"986",77,-5,"WSH"
"987",79,2,"WSH"
"988",61,35,"WSH"
"989",35,-25,"WSH"
"990",53,9,"WSH"
"991",40,1,"WSH"
"992",54,-19,"WSH"
"993",55,-21,"WSH"
"994",67,37,"WSH"
"995",50,-1,"WSH"
"996",37,15,"WSH"
"997",71,-20,"WSH"
"998",39,-5,"WSH"
"999",54,35,"WSH"
"1000",71,-21,"WSH"
"1001",75,11,"WSH"
"1002",79,13,"WSH"
"1003",67,14,"WSH"
"1004",10,2,"WSH"
"1005",47,-3,"WSH"
"1006",37,11,"WSH"
"1007",62,13,"WSH"
"1008",69,32,"WSH"
"1009",63,0,"WSH"
"1010",51,-7,"WSH"
"1011",87,-17,"WSH"
"1012",74,0,"WSH"
"1013",69,-25,"WSH"
"1014",85,-23,"WSH"
"1015",78,26,"WSH"
"1016",64,35,"WSH"
"1017",78,4,"WSH"
"1018",82,11,"WSH"
"1019",41,27,"WSH"
"1020",76,15,"WSH"
"1021",88,9,"WSH"
"1022",78,5,"WSH"
"1023",56,23,"WSH"
"1024",65,21,"WSH"
"1025",80,22,"WSH"
"1026",31,2,"WSH"
"1027",45,-19,"WSH"
"1028",61,-27,"WSH"
"1029",76,6,"WSH"
"1030",32,-1,"WSH"
"1031",81,6,"WSH"
"1032",82,-2,"WSH"
"1033",69,11,"WSH"
"1034",71,19,"WSH"
"1035",73,27,"WSH"
"1036",73,15,"WSH"
"1037",81,3,"WSH"
"1038",54,-10,"WSH"
"1039",86,5,"WSH"
"1040",82,-18,"WSH"
"1041",59,17,"WSH"
"1042",77,-8,"WSH"
"1043",86,-7,"WSH"
"1044",72,-14,"WSH"
"1045",77,-3,"WSH"
"1046",10,24,"WSH"
"1047",47,24,"WSH"
"1048",44,-16,"WSH"
"1049",62,-17,"WSH"
"1050",85,2,"WSH"
"1051",68,-12,"WSH"
"1052",4,22,"WSH"
"1053",74,-1,"WSH"
"1054",81,1,"WSH"
"1055",50,5,"WSH"
"1056",59,5,"WSH"
"1057",31,26,"WSH"
"1058",77,4,"WSH"
"1059",73,9,"WSH"
"1060",4,21,"WSH"
"1061",84,10,"WSH"
"1062",69,0,"WSH"
"1063",81,1,"WSH"
"1064",66,33,"WSH"
"1065",25,-39,"WSH"
"1066",81,-2,"WSH"
"1067",74,21,"WSH"
"1068",72,38,"WSH"
"1069",40,34,"WSH"
"1070",78,4,"WSH"
"1071",88,5,"WSH"
"1072",82,2,"WSH"
"1073",76,23,"WSH"
"1074",89,10,"WSH"
"1075",71,23,"WSH"
"1076",82,3,"WSH"
"1077",39,-7,"WSH"
"1078",88,15,"WSH"
"1079",82,-2,"WSH"
"1080",77,19,"WSH"
"1081",44,-1,"WSH"
"1082",42,-21,"WSH"
"1083",76,5,"WSH"
"1084",83,-6,"WSH"
"1085",74,21,"WSH"
"1086",84,-20,"WSH"
"1087",55,-29,"WSH"
"1088",84,-10,"WSH"
"1089",72,7,"WSH"
"1090",54,-10,"WSH"
"1091",18,30,"WSH"
"1092",63,-35,"WSH"
"1093",83,6,"WSH"
"1094",32,-1,"WSH"
"1095",77,-2,"WSH"
"1096",26,0,"WSH"
"1097",85,-25,"WSH"
"1098",68,-23,"WSH"
"1099",75,0,"WSH"
"1100",74,4,"WSH"
"1101",76,1,"WSH"
"1102",70,31,"WSH"
"1103",37,-20,"WSH"
"1104",56,-25,"WSH"
"1105",52,5,"WSH"
"1106",75,0,"WSH"
"1107",48,14,"WSH"
"1108",80,2,"WSH"
"1109",79,8,"WSH"
"1110",30,-7,"WSH"
"1111",59,-14,"WSH"
"1112",79,-6,"WSH"
"1113",52,17,"WSH"
"1114",78,-5,"WSH"
"1115",35,20,"WSH"
"1116",84,-7,"WSH"
"1117",70,-1,"WSH"
"1118",28,-32,"WSH"
"1119",58,-1,"WSH"
"1120",38,-31,"WSH"
"1121",71,-14,"WSH"
"1122",75,8,"WSH"
"1123",67,4,"WSH"
"1124",60,-16,"WSH"
"1125",67,32,"WSH"
"1126",93,-11,"WSH"
"1127",20,0,"WSH"
"1128",64,27,"WSH"
"1129",86,32,"WSH"
"1130",57,-10,"WSH"
"1131",80,-2,"WSH"
"1132",69,-2,"WSH"
"1133",51,-18,"WSH"
"1134",46,14,"WSH"
"1135",64,-25,"WSH"
"1136",49,-33,"WSH"
"1137",60,-20,"WSH"
"1138",67,-14,"WSH"
"1139",3,25,"WSH"
"1140",54,18,"WSH"
"1141",56,13,"WSH"
"1142",84,24,"WSH"
"1143",80,22,"WSH"
"1144",49,15,"WSH"
"1145",70,-22,"WSH"
"1146",76,-9,"WSH"
"1147",80,-27,"WSH"
"1148",52,27,"WSH"
"1149",81,11,"WSH"
"1150",83,5,"WSH"
"1151",51,-28,"WSH"
"1152",71,-37,"WSH"
"1153",9,35,"WSH"
"1154",33,-10,"WSH"
"1155",55,5,"WSH"
"1156",77,12,"WSH"
"1157",49,23,"WSH"
"1158",79,1,"WSH"
"1159",79,-3,"WSH"
"1160",80,2,"WSH"
"1161",59,24,"WSH"
"1162",72,7,"WSH"
"1163",58,24,"WSH"
"1164",7,-33,"WSH"
"1165",64,24,"WSH"
"1166",77,1,"WSH"
"1167",80,2,"WSH"
"1168",69,-12,"WSH"
"1169",70,-6,"WSH"
"1170",47,24,"WSH"
"1171",69,19,"WSH"
"1172",79,16,"WSH"
"1173",66,12,"WSH"
"1174",64,18,"WSH"
"1175",71,-9,"WSH"
"1176",39,-27,"WSH"
"1177",75,-1,"WSH"
"1178",78,-1,"WSH"
"1179",46,5,"WSH"
"1180",64,-14,"WSH"
"1181",35,33,"WSH"
"1182",49,0,"WSH"
"1183",62,0,"WSH"
"1184",75,0,"WSH"
"1185",80,-10,"WSH"
"1186",83,0,"WSH"
"1187",32,-28,"WSH"
"1188",75,-20,"WSH"
"1189",72,18,"WSH"
"1190",3,-19,"WSH"
"1191",67,-1,"WSH"
"1192",33,-23,"WSH"
"1193",45,37,"WSH"
"1194",51,-36,"WSH"
"1195",55,31,"WSH"
"1196",79,37,"WSH"
"1197",61,-19,"WSH"
"1198",72,0,"WSH"
"1199",73,-24,"WSH"
"1200",50,27,"WSH"
"1201",70,7,"WSH"
"1202",58,-38,"WSH"
"1203",35,-29,"WSH"
"1204",54,15,"WSH"
"1205",23,17,"WSH"
"1206",72,-2,"WSH"
"1207",43,-10,"WSH"
"1208",74,-3,"WSH"
"1209",60,32,"WSH"
"1210",69,-7,"WSH"
"1211",83,-21,"WSH"
"1212",61,-16,"WSH"
"1213",78,-17,"WSH"
"1214",70,-26,"WSH"
"1215",81,4,"WSH"
"1216",35,5,"WSH"
"1217",33,-23,"WSH"
"1218",38,-31,"WSH"
"1219",79,-6,"WSH"
"1220",66,-36,"WSH"
"1221",62,22,"WSH"
"1222",65,-17,"WSH"
"1223",34,-5,"WSH"
"1224",65,22,"WSH"
"1225",28,-26,"WSH"
"1226",36,-3,"WSH"
"1227",51,-2,"WSH"
"1228",80,6,"WSH"
"1229",57,-27,"WSH"
"1230",73,-4,"WSH"
"1231",76,-1,"WSH"
"1232",63,20,"WSH"
"1233",49,-14,"WSH"
"1234",79,24,"WSH"
"1235",77,26,"WSH"
"1236",32,3,"WSH"
"1237",69,32,"WSH"
"1238",84,21,"WSH"
"1239",66,30,"WSH"
"1240",88,11,"WSH"
"1241",77,1,"WSH"
"1242",44,15,"WSH"
"1243",49,-21,"WSH"
"1244",48,-10,"WSH"
"1245",38,-21,"WSH"
"1246",73,7,"WSH"
"1247",63,13,"WSH"
"1248",63,-13,"WSH"
"1249",68,6,"WSH"
"1250",35,28,"WSH"
"1251",70,2,"WSH"
"1252",72,-5,"WSH"
"1253",87,8,"WSH"
"1254",88,13,"WSH"
"1255",82,16,"WSH"
"1256",65,22,"WSH"
"1257",86,11,"WSH"
"1258",57,-25,"WSH"
"1259",39,-19,"WSH"
"1260",77,3,"WSH"
"1261",83,-19,"WSH"
"1262",59,30,"WSH"
"1263",36,11,"WSH"
"1264",56,0,"WSH"
"1265",77,8,"WSH"
"1266",87,31,"WSH"
"1267",71,2,"WSH"
"1268",71,0,"WSH"
"1269",81,4,"WSH"
"1270",63,4,"WSH"
"1271",53,11,"WSH"
"1272",50,4,"WSH"
"1273",17,37,"WSH"
"1274",62,-34,"WSH"
"1275",65,0,"WSH"
"1276",53,21,"WSH"
"1277",80,-7,"WSH"
"1278",94,-21,"WSH"
"1279",71,-3,"WSH"
"1280",64,20,"WSH"
"1281",78,2,"WSH"
"1282",41,-31,"WSH"
"1283",84,28,"WSH"
"1284",50,36,"WSH"
"1285",46,14,"WSH"
"1286",80,4,"WSH"
"1287",72,1,"WSH"
"1288",83,-5,"WSH"
"1289",35,3,"WSH"
"1290",45,38,"WSH"
"1291",58,18,"WSH"
"1292",73,3,"WSH"
"1293",78,9,"WSH"
"1294",23,-36,"WSH"
"1295",72,24,"WSH"
"1296",84,25,"WSH"
"1297",60,27,"WSH"
"1298",65,-1,"WSH"
"1299",63,13,"WSH"
"1300",60,11,"WSH"
"1301",83,11,"WSH"
"1302",64,18,"WSH"
"1303",74,-1,"WSH"
"1304",74,19,"WSH"
"1305",32,-7,"WSH"
"1306",76,3,"WSH"
"1307",42,-26,"WSH"
"1308",78,8,"WSH"
"1309",54,-17,"WSH"
"1310",69,15,"WSH"
"1311",48,10,"WSH"
"1312",61,12,"WSH"
"1313",30,-8,"WSH"
"1314",39,32,"WSH"
"1315",82,3,"WSH"
"1316",73,-38,"WSH"
"1317",79,-16,"WSH"
"1318",78,-8,"WSH"
"1319",76,3,"WSH"
"1320",34,29,"WSH"
"1321",65,0,"WSH"
"1322",34,-3,"WSH"
"1323",18,-31,"WSH"
"1324",82,25,"WSH"
"1325",72,4,"WSH"
"1326",81,1,"WSH"
"1327",40,-31,"WSH"
"1328",32,-33,"WSH"
"1329",61,16,"WSH"
"1330",61,-17,"WSH"
"1331",36,-25,"WSH"
"1332",83,4,"WSH"
"1333",81,0,"WSH"
"1334",58,-15,"WSH"
"1335",36,12,"WSH"
"1336",54,21,"WSH"
"1337",33,19,"WSH"
"1338",79,3,"WSH"
"1339",56,30,"WSH"
"1340",35,-27,"WSH"
"1341",60,5,"WSH"
"1342",85,-8,"WSH"
"1343",55,36,"WSH"
"1344",84,7,"WSH"
"1345",48,-7,"WSH"
"1346",53,-22,"WSH"
"1347",79,-1,"WSH"
"1348",80,1,"WSH"
"1349",37,-29,"WSH"
"1350",77,6,"WSH"
"1351",88,-32,"WSH"
"1352",91,7,"WSH"
"1353",76,2,"WSH"
"1354",35,22,"WSH"
"1355",42,-16,"WSH"
"1356",72,5,"WSH"
"1357",67,3,"WSH"
"1358",0,-35,"WSH"
"1359",53,-3,"WSH"
"1360",33,-5,"WSH"
"1361",80,17,"WSH"
"1362",64,29,"WSH"
"1363",78,-6,"WSH"
"1364",64,-11,"WSH"
"1365",35,-35,"WSH"
"1366",54,-21,"WSH"
"1367",77,-9,"WSH"
"1368",41,0,"WSH"
"1369",81,1,"WSH"
"1370",80,6,"WSH"
"1371",81,4,"WSH"
"1372",86,7,"WSH"
"1373",47,5,"WSH"
"1374",62,13,"WSH"
"1375",54,-3,"WSH"
"1376",81,6,"WSH"
"1377",67,16,"WSH"
"1378",33,-31,"WSH"
"1379",64,-13,"WSH"
"1380",33,-2,"WSH"
"1381",78,1,"WSH"
"1382",41,11,"WSH"
"1383",54,35,"WSH"
"1384",78,10,"WSH"
"1385",81,-8,"WSH"
"1386",37,26,"WSH"
"1387",58,25,"WSH"
"1388",58,32,"WSH"
"1389",39,29,"WSH"
"1390",73,-15,"WSH"
"1391",64,3,"WSH"
"1392",1,8,"WSH"
"1393",79,-3,"WSH"
"1394",79,2,"WSH"
"1395",76,17,"WSH"
"1396",57,25,"WSH"
"1397",38,38,"WSH"
"1398",78,-21,"WSH"
"1399",33,38,"WSH"
"1400",32,-34,"WSH"
"1401",75,-16,"WSH"
"1402",57,-25,"WSH"
"1403",53,28,"WSH"
"1404",79,9,"WSH"
"1405",81,-36,"WSH"
"1406",41,-13,"WSH"
"1407",71,3,"WSH"
"1408",51,-25,"WSH"
"1409",66,4,"WSH"
"1410",80,3,"WSH"
"1411",73,-13,"WSH"
"1412",79,-26,"WSH"
"1413",69,-1,"WSH"
"1414",63,-16,"WSH"
"1415",64,17,"WSH"
"1416",70,-33,"WSH"
"1417",52,34,"WSH"
"1418",85,-11,"WSH"
"1419",58,27,"WSH"
"1420",31,4,"WSH"
"1421",54,37,"WSH"
"1422",84,-22,"WSH"
"1423",85,-6,"WSH"
"1424",34,27,"WSH"
"1425",14,-35,"WSH"
"1426",72,3,"WSH"
"1427",62,14,"WSH"
"1428",35,25,"WSH"
"1429",77,-4,"WSH"
"1430",61,-30,"WSH"
"1431",54,-18,"WSH"
"1432",44,30,"WSH"
"1433",43,14,"WSH"
"1434",51,-21,"WSH"
"1435",58,-24,"WSH"
"1436",62,-21,"WSH"
"1437",78,-8,"WSH"
"1438",81,-6,"WSH"
"1439",57,-3,"WSH"
"1440",54,8,"WSH"
"1441",54,-27,"WSH"
"1442",55,-26,"WSH"
"1443",57,-25,"WSH"
"1444",35,-27,"WSH"
"1445",70,-17,"WSH"
"1446",79,35,"WSH"
"1447",58,16,"WSH"
"1448",58,-27,"WSH"
"1449",75,1,"WSH"
"1450",75,-7,"WSH"
"1451",80,-23,"WSH"
"1452",67,3,"WSH"
"1453",84,6,"WSH"
"1454",80,-6,"WSH"
"1455",58,8,"WSH"
"1456",82,7,"WSH"
"1457",68,25,"WSH"
"1458",69,6,"WSH"
"1459",64,4,"WSH"
"1460",34,4,"WSH"
"1461",35,2,"WSH"
"1462",55,19,"WSH"
"1463",57,-2,"WSH"
"1464",73,-17,"WSH"
"1465",65,1,"WSH"
"1466",91,27,"WSH"
"1467",62,21,"WSH"
"1468",63,-12,"WSH"
"1469",63,-17,"WSH"
"1470",69,2,"WSH"
"1471",39,1,"WSH"
"1472",79,-5,"WSH"
"1473",43,20,"WSH"
"1474",64,-38,"WSH"
"1475",49,-1,"WSH"
"1476",39,0,"WSH"
"1477",34,-27,"WSH"
"1478",80,-18,"WSH"
"1479",49,0,"WSH"
"1480",32,-29,"WSH"
"1481",53,-24,"WSH"
"1482",60,5,"WSH"
"1483",75,4,"WSH"
"1484",39,-31,"WSH"
"1485",71,-1,"WSH"
"1486",59,2,"WSH"
"1487",54,-5,"WSH"
"1488",38,33,"WSH"
"1489",52,-14,"WSH"
"1490",88,8,"WSH"
"1491",66,-20,"WSH"
"1492",77,1,"WSH"
"1493",35,38,"WSH"
"1494",90,-7,"WSH"
"1495",42,29,"WSH"
"1496",77,1,"WSH"
"1497",76,1,"WSH"
"1498",73,-7,"WSH"
"1499",90,25,"WSH"
"1500",32,-32,"WSH"
"1501",73,-1,"WSH"
"1502",53,-1,"WSH"
"1503",76,7,"WSH"
"1504",87,-7,"WSH"
"1505",62,-22,"WSH"
"1506",63,-23,"WSH"
"1507",63,25,"WSH"
"1508",39,3,"WSH"
"1509",63,31,"WSH"
"1510",67,-18,"WSH"
"1511",63,19,"WSH"
"1512",75,-1,"WSH"
"1513",40,10,"WSH"
"1514",41,-21,"WSH"
"1515",47,24,"WSH"
"1516",63,24,"WSH"
"1517",63,6,"WSH"
"1518",52,8,"WSH"
"1519",69,21,"WSH"
"1520",66,12,"WSH"
"1521",41,-26,"WSH"
"1522",63,-14,"WSH"
"1523",75,27,"WSH"
"1524",68,-34,"WSH"
"1525",65,36,"WSH"
"1526",20,-7,"WSH"
"1527",52,-10,"WSH"
"1528",75,28,"WSH"
"1529",37,-27,"WSH"
"1530",78,4,"WSH"
"1531",56,23,"WSH"
"1532",51,23,"WSH"
"1533",36,-5,"WSH"
"1534",86,-5,"WSH"
"1535",59,-8,"WSH"
"1536",39,15,"WSH"
"1537",34,30,"WSH"
"1538",75,9,"WSH"
"1539",55,-36,"WSH"
"1540",87,-9,"WSH"
"1541",36,-24,"WSH"
"1542",90,-7,"WSH"
"1543",17,32,"WSH"
"1544",35,-29,"WSH"
"1545",36,25,"WSH"
"1546",80,-5,"WSH"
"1547",87,7,"WSH"
"1548",82,-11,"WSH"
"1549",42,-17,"WSH"
"1550",32,4,"WSH"
"1551",92,-16,"WSH"
"1552",31,4,"WSH"
"1553",77,-10,"WSH"
"1554",32,5,"WSH"
"1555",70,-30,"WSH"
"1556",80,-35,"WSH"
"1557",39,19,"WSH"
"1558",82,-8,"WSH"
"1559",66,-21,"WSH"
"1560",55,31,"WSH"
"1561",82,-12,"WSH"
"1562",80,2,"WSH"
"1563",49,-1,"WSH"
"1564",65,11,"WSH"
"1565",55,11,"WSH"
"1566",83,-7,"WSH"
"1567",60,-9,"WSH"
"1568",72,-16,"WSH"
"1569",74,-5,"WSH"
"1570",64,-1,"WSH"
"1571",76,-6,"WSH"
"1572",62,-25,"WSH"
"1573",40,-21,"WSH"
"1574",78,0,"WSH"
"1575",60,-2,"WSH"
"1576",81,-3,"WSH"
"1577",60,-26,"WSH"
"1578",39,-14,"WSH"
"1579",38,20,"WSH"
"1580",61,-2,"WSH"
"1581",52,-8,"WSH"
"1582",35,-33,"WSH"
"1583",43,0,"WSH"
"1584",88,-30,"WSH"
"1585",40,-25,"WSH"
"1586",78,11,"WSH"
"1587",46,27,"WSH"
"1588",79,26,"WSH"
"1589",70,4,"WSH"
"1590",36,30,"WSH"
"1591",54,14,"WSH"
"1592",81,-31,"WSH"
"1593",80,7,"WSH"
"1594",40,21,"WSH"
"1595",69,3,"WSH"
"1596",40,22,"WSH"
"1597",52,17,"WSH"
"1598",43,-35,"WSH"
"1599",8,-30,"WSH"
"1600",77,2,"WSH"
"1601",76,8,"WSH"
"1602",63,6,"WSH"
"1603",76,16,"WSH"
"1604",69,15,"WSH"
"1605",40,-15,"WSH"
"1606",73,-37,"WSH"
"1607",62,-2,"WSH"
"1608",72,4,"WSH"
"1609",32,25,"WSH"
"1610",38,-18,"WSH"
"1611",57,-21,"WSH"
"1612",14,-27,"WSH"
"1613",74,-15,"WSH"
"1614",46,29,"WSH"
"1615",73,-3,"WSH"
"1616",59,-28,"WSH"
"1617",42,9,"WSH"
"1618",35,-16,"WSH"
"1619",82,10,"WSH"
"1620",66,32,"WSH"
"1621",72,26,"WSH"
"1622",56,24,"WSH"
"1623",69,-13,"WSH"
"1624",0,-12,"WSH"
"1625",54,2,"WSH"
"1626",34,-33,"WSH"
"1627",55,30,"WSH"
"1628",49,18,"WSH"
"1629",68,29,"WSH"
"1630",79,5,"WSH"
"1631",78,-28,"WSH"
"1632",37,29,"WSH"
"1633",69,-18,"WSH"
"1634",36,3,"WSH"
"1635",45,38,"WSH"
"1636",73,-1,"WSH"
"1637",49,34,"WSH"
"1638",44,32,"WSH"
"1639",76,-7,"WSH"
"1640",79,-9,"WSH"
"1641",50,24,"WSH"
"1642",77,6,"WSH"
"1643",37,-6,"WSH"
"1644",82,-30,"WSH"
"1645",37,-16,"WSH"
"1646",39,-29,"WSH"
"1647",63,-9,"WSH"
"1648",40,16,"WSH"
"1649",43,24,"WSH"
"1650",51,-2,"WSH"
"1651",36,28,"WSH"
"1652",70,-29,"WSH"
"1653",76,1,"WSH"
"1654",61,26,"WSH"
"1655",39,20,"WSH"
"1656",47,25,"WSH"
"1657",76,0,"WSH"
"1658",34,10,"WSH"
"1659",64,-13,"WSH"
"1660",50,-13,"WSH"
"1661",49,21,"WSH"
"1662",51,36,"WSH"
"1663",44,-36,"WSH"
"1664",68,-21,"WSH"
"1665",43,-5,"WSH"
"1666",81,-5,"WSH"
"1667",36,-3,"WSH"
"1668",80,-4,"WSH"
"1669",86,-7,"WSH"
"1670",76,-4,"WSH"
"1671",66,-4,"WSH"
"1672",81,-5,"WSH"
"1673",34,-31,"WSH"
"1674",45,9,"WSH"
"1675",38,-27,"WSH"
"1676",45,0,"WSH"
"1677",81,23,"WSH"
"1678",80,2,"WSH"
"1679",33,-35,"WSH"
"1680",75,-29,"WSH"
"1681",71,3,"WSH"
"1682",82,-4,"WSH"
"1683",83,-25,"WSH"
"1684",58,-5,"WSH"
"1685",58,17,"WSH"
"1686",65,3,"WSH"
"1687",81,-5,"WSH"
"1688",80,4,"WSH"
"1689",71,-16,"WSH"
"1690",47,12,"WSH"
"1691",55,27,"WSH"
"1692",76,3,"WSH"
"1693",59,-19,"WSH"
"1694",68,-1,"WSH"
"1695",55,30,"WSH"
"1696",83,-20,"WSH"
"1697",76,25,"WSH"
"1698",35,23,"WSH"
"1699",37,-24,"WSH"
"1700",80,-7,"WSH"
"1701",82,23,"WSH"
"1702",84,-13,"WSH"
"1703",52,4,"WSH"
"1704",75,11,"WSH"
"1705",44,-6,"WSH"
"1706",49,-2,"WSH"
"1707",82,-8,"WSH"
"1708",49,-35,"WSH"
"1709",64,34,"WSH"
"1710",54,3,"WSH"
"1711",75,36,"WSH"
"1712",48,23,"WSH"
"1713",79,-5,"WSH"
"1714",41,29,"WSH"
"1715",32,20,"WSH"
"1716",23,-22,"WSH"
"1717",50,10,"WSH"
"1718",84,-8,"WSH"
"1719",35,-21,"WSH"
"1720",35,1,"WSH"
"1721",73,8,"WSH"
"1722",84,7,"WSH"
"1723",64,-3,"WSH"
"1724",67,-4,"WSH"
"1725",22,-28,"WSH"
"1726",60,14,"WSH"
"1727",45,3,"WSH"
"1728",46,1,"WSH"
"1729",42,21,"WSH"
"1730",67,-4,"WSH"
"1731",31,-21,"WSH"
"1732",40,16,"WSH"
"1733",62,25,"WSH"
"1734",33,-3,"WSH"
"1735",67,-7,"WSH"
"1736",63,-19,"WSH"
"1737",79,-16,"WSH"
"1738",72,3,"WSH"
"1739",72,-4,"WSH"
"1740",36,-19,"WSH"
"1741",76,21,"WSH"
"1742",61,23,"WSH"
"1743",80,8,"WSH"
"1744",74,-1,"WSH"
"1745",34,19,"WSH"
"1746",73,23,"WSH"
"1747",60,28,"WSH"
"1748",84,3,"WSH"
"1749",45,-29,"WSH"
"1750",52,23,"WSH"
"1751",82,1,"WSH"
"1752",82,3,"WSH"
"1753",66,31,"WSH"
"1754",75,-19,"WSH"
"1755",76,-14,"WSH"
"1756",73,-11,"WSH"
"1757",79,0,"WSH"
"1758",61,40,"WSH"
"1759",32,35,"WSH"
"1760",75,-18,"WSH"
"1761",75,6,"WSH"
"1762",49,27,"WSH"
"1763",59,-5,"WSH"
"1764",82,4,"WSH"
"1765",76,-25,"WSH"
"1766",84,-18,"WSH"
"1767",56,-24,"WSH"
"1768",85,10,"WSH"
"1769",75,-2,"WSH"
"1770",42,-30,"WSH"
"1771",73,-35,"WSH"
"1772",75,-1,"WSH"
"1773",48,-3,"WSH"
"1774",43,-24,"WSH"
"1775",47,16,"WSH"
"1776",48,5,"WSH"
"1777",72,3,"WSH"
"1778",73,0,"WSH"
"1779",31,-15,"WSH"
"1780",66,-22,"WSH"
"1781",33,13,"WSH"
"1782",18,-3,"WSH"
"1783",74,-9,"WSH"
"1784",33,-24,"WSH"
"1785",51,27,"WSH"
"1786",39,-24,"WSH"
"1787",82,7,"WSH"
"1788",83,18,"WSH"
"1789",58,26,"WSH"
"1790",66,8,"WSH"
"1791",20,-32,"WSH"
"1792",64,-17,"WSH"
"1793",75,1,"WSH"
"1794",39,16,"WSH"
"1795",37,25,"WSH"
"1796",76,4,"WSH"
"1797",74,13,"WSH"
"1798",47,-17,"WSH"
"1799",53,27,"WSH"
"1800",86,-7,"WSH"
"1801",81,25,"WSH"
"1802",72,29,"WSH"
"1803",72,0,"WSH"
"1804",6,-35,"WSH"
"1805",84,-22,"WSH"
"1806",73,-28,"WSH"
"1807",16,39,"WSH"
"1808",35,5,"WSH"
"1809",0,-40,"WSH"
"1810",43,-1,"WSH"
"1811",87,15,"WSH"
"1812",80,-35,"WSH"
"1813",80,6,"WSH"
"1814",81,-23,"WSH"
"1815",59,18,"WSH"
"1816",40,-32,"WSH"
"1817",65,30,"WSH"
"1818",67,3,"WSH"
"1819",2,36,"WSH"
"1820",31,30,"WSH"
"1821",69,13,"WSH"
"1822",91,-10,"WSH"
"1823",84,34,"WSH"
"1824",69,0,"WSH"
"1825",81,21,"WSH"
"1826",70,17,"WSH"
"1827",61,-7,"WSH"
"1828",58,11,"WSH"
"1829",10,-35,"WSH"
"1830",32,23,"WSH"
"1831",56,-13,"WSH"
"1832",40,0,"WSH"
"1833",95,-7,"WSH"
"1834",41,31,"WSH"
"1835",35,0,"WSH"
"1836",57,32,"WSH"
"1837",76,14,"WSH"
"1838",57,-26,"WSH"
"1839",63,-35,"WSH"
"1840",34,-2,"WSH"
"1841",85,23,"WSH"
"1842",64,25,"WSH"
"1843",43,2,"WSH"
"1844",30,32,"WSH"
"1845",58,-25,"WSH"
"1846",43,33,"WSH"
"1847",69,24,"WSH"
"1848",75,5,"WSH"
"1849",85,-13,"WSH"
"1850",34,2,"WSH"
"1851",33,28,"WSH"
"1852",60,10,"WSH"
"1853",13,37,"WSH"
"1854",57,-4,"WSH"
"1855",82,13,"WSH"
"1856",79,28,"WSH"
"1857",72,-36,"WSH"
"1858",20,8,"WSH"
"1859",66,-12,"WSH"
"1860",86,-11,"WSH"
"1861",44,-4,"WSH"
"1862",74,13,"WSH"
"1863",40,-33,"WSH"
"1864",68,29,"WSH"
"1865",46,-16,"WSH"
"1866",75,-3,"WSH"
"1867",63,-10,"WSH"
"1868",74,17,"WSH"
"1869",31,-32,"WSH"
"1870",82,-18,"WSH"
"1871",75,-7,"WSH"
"1872",79,8,"WSH"
"1873",61,7,"WSH"
"1874",40,-19,"WSH"
"1875",46,17,"WSH"
"1876",82,-10,"WSH"
"1877",42,-20,"WSH"
"1878",57,1,"WSH"
"1879",55,32,"WSH"
"1880",80,3,"WSH"
"1881",68,22,"WSH"
"1882",52,12,"WSH"
"1883",52,12,"WSH"
"1884",68,7,"WSH"
"1885",60,30,"WSH"
"1886",53,-14,"WSH"
"1887",67,19,"WSH"
"1888",50,-4,"WSH"
"1889",65,-24,"WSH"
"1890",83,-8,"WSH"
"1891",84,10,"WSH"
"1892",49,11,"WSH"
"1893",43,-4,"WSH"
"1894",40,-21,"WSH"
"1895",77,2,"WSH"
"1896",67,31,"WSH"
"1897",4,23,"WSH"
"1898",38,17,"WSH"
"1899",81,0,"WSH"
"1900",73,-3,"WSH"
"1901",87,14,"WSH"
"1902",40,22,"WSH"
"1903",77,-9,"WSH"
"1904",79,-32,"WSH"
"1905",69,-27,"WSH"
"1906",59,-7,"WSH"
"1907",62,21,"WSH"
"1908",61,37,"WSH"
"1909",75,23,"WSH"
"1910",62,19,"WSH"
"1911",77,33,"WSH"
"1912",70,3,"WSH"
"1913",39,-27,"WSH"
"1914",34,25,"WSH"
"1915",85,-9,"WSH"
"1916",64,38,"WSH"
"1917",71,33,"WSH"
"1918",51,-25,"WSH"
"1919",4,38,"WSH"
"1920",81,5,"WSH"
"1921",89,20,"WSH"
"1922",40,27,"WSH"
"1923",66,29,"WSH"
"1924",47,27,"WSH"
"1925",41,27,"WSH"
"1926",58,-27,"WSH"
"1927",68,-3,"WSH"
"1928",51,19,"WSH"
"1929",82,-25,"WSH"
"1930",75,-1,"WSH"
"1931",38,-7,"WSH"
"1932",23,-33,"WSH"
"1933",52,13,"WSH"
"1934",51,25,"WSH"
"1935",60,3,"WSH"
"1936",5,-31,"WSH"
"1937",49,-24,"WSH"
"1938",63,-20,"WSH"
"1939",68,-25,"WSH"
"1940",77,-5,"WSH"
"1941",73,-19,"WSH"
"1942",71,-18,"WSH"
"1943",39,-5,"WSH"
"1944",76,-11,"WSH"
"1945",64,7,"WSH"
"1946",51,19,"WSH"
"1947",39,-30,"WSH"
"1948",73,13,"WSH"
"1949",71,11,"WSH"
"1950",80,11,"WSH"
"1951",77,-36,"WSH"
"1952",69,-5,"WSH"
"1953",3,38,"WSH"
"1954",41,-10,"WSH"
"1955",53,23,"WSH"
"1956",48,-4,"WSH"
"1957",61,7,"WSH"
"1958",49,2,"WSH"
"1959",44,17,"WSH"
"1960",75,-8,"WSH"
"1961",41,23,"WSH"
"1962",66,20,"WSH"
"1963",2,-36,"WSH"
"1964",78,4,"WSH"
"1965",80,4,"WSH"
"1966",38,-23,"WSH"
"1967",67,21,"WSH"
"1968",39,-10,"WSH"
"1969",63,12,"WSH"
"1970",45,19,"WSH"
"1971",4,38,"WSH"
"1972",53,-29,"WSH"
"1973",20,26,"WSH"
"1974",63,2,"WSH"
"1975",8,38,"WSH"
"1976",83,-5,"WSH"
"1977",78,7,"WSH"
"1978",78,12,"WSH"
"1979",82,6,"WSH"
"1980",13,36,"WSH"
"1981",59,-3,"WSH"
"1982",33,2,"WSH"
"1983",49,6,"WSH"
"1984",65,-1,"WSH"
"1985",34,-7,"WSH"
"1986",51,10,"WSH"
"1987",43,11,"WSH"
"1988",70,-1,"WSH"
"1989",70,15,"WSH"
"1990",73,-5,"WSH"
"1991",60,-29,"WSH"
"1992",76,-6,"WSH"
"1993",78,2,"WSH"
"1994",77,16,"WSH"
"1995",67,-2,"WSH"
"1996",78,9,"WSH"
"1997",57,-27,"WSH"
"1998",69,16,"WSH"
"1999",61,9,"WSH"
"2000",76,0,"WSH"
"2001",34,23,"WSH"
"2002",35,-2,"WSH"
"2003",38,-36,"WSH"
"2004",81,-9,"WSH"
"2005",36,1,"WSH"
"2006",39,-13,"WSH"
"2007",64,-18,"WSH"
"2008",70,-15,"WSH"
"2009",54,3,"WSH"
"2010",64,-27,"WSH"
"2011",63,-14,"WSH"
"2012",77,-4,"WSH"
"2013",58,-17,"WSH"
"2014",57,-25,"WSH"
"2015",46,35,"WSH"
"2016",38,1,"WSH"
"2017",79,-2,"WSH"
"2018",22,-33,"WSH"
"2019",58,36,"WSH"
"2020",55,-34,"WSH"
"2021",58,1,"WSH"
"2022",46,-35,"WSH"
"2023",59,-21,"WSH"
"2024",54,12,"WSH"
"2025",36,-33,"WSH"
"2026",49,20,"WSH"
"2027",51,20,"WSH"
"2028",49,-25,"WSH"
"2029",76,-2,"WSH"
"2030",17,33,"WSH"
"2031",37,11,"WSH"
"2032",48,13,"WSH"
"2033",82,-5,"WSH"
"2034",73,-17,"WSH"
"2035",72,20,"WSH"
"2036",82,37,"WSH"
"2037",55,33,"WSH"
"2038",1,36,"WSH"
"2039",48,-18,"WSH"
"2040",85,-19,"WSH"
"2041",74,18,"WSH"
"2042",63,-1,"WSH"
"2043",35,-27,"WSH"
"2044",33,30,"WSH"
"2045",52,-34,"WSH"
"2046",51,-36,"WSH"
"2047",65,29,"WSH"
"2048",56,-27,"WSH"
"2049",70,-17,"WSH"
"2050",11,38,"WSH"
"2051",78,-3,"WSH"
"2052",59,-22,"WSH"
"2053",58,-26,"WSH"
"2054",41,-35,"WSH"
"2055",78,-27,"WSH"
"2056",77,-26,"WSH"
"2057",61,25,"WSH"
"2058",66,12,"WSH"
"2059",66,-26,"WSH"
"2060",17,-36,"WSH"
"2061",66,-13,"WSH"
"2062",34,13,"WSH"
"2063",85,9,"WSH"
"2064",78,4,"WSH"
"2065",55,-21,"WSH"
"2066",79,7,"WSH"
"2067",34,-33,"WSH"
"2068",66,-30,"WSH"
"2069",73,0,"WSH"
"2070",96,-11,"WSH"
"2071",50,6,"WSH"
"2072",58,15,"WSH"
"2073",75,23,"WSH"
"2074",76,11,"WSH"
"2075",49,-14,"WSH"
"2076",57,-16,"WSH"
"2077",78,-7,"WSH"
"2078",51,-31,"WSH"
"2079",81,-9,"WSH"
"2080",83,-9,"WSH"
"2081",46,-3,"WSH"
"2082",34,-36,"WSH"
"2083",73,-3,"WSH"
"2084",15,25,"WSH"
"2085",57,-25,"WSH"
"2086",79,17,"WSH"
"2087",82,11,"WSH"
"2088",59,-24,"WSH"
"2089",72,-14,"WSH"
"2090",84,14,"WSH"
"2091",89,15,"WSH"
"2092",78,-3,"WSH"
"2093",5,1,"WSH"
"2094",65,-20,"WSH"
"2095",37,-19,"WSH"
"2096",37,35,"WSH"
"2097",57,36,"WSH"
"2098",75,1,"WSH"
"2099",44,22,"WSH"
"2100",39,14,"WSH"
"2101",73,3,"WSH"
"2102",61,21,"WSH"
"2103",66,29,"WSH"
"2104",52,35,"WSH"
"2105",56,39,"WSH"
"2106",66,-8,"WSH"
"2107",75,-21,"WSH"
"2108",37,-38,"WSH"
"2109",43,-1,"WSH"
"2110",57,-16,"WSH"
"2111",18,-39,"WSH"
"2112",30,25,"WSH"
"2113",70,-19,"WSH"
"2114",51,21,"WSH"
"2115",43,-25,"WSH"
"2116",44,32,"WSH"
"2117",64,25,"WSH"
"2118",37,5,"WSH"
"2119",34,-27,"WSH"
"2120",38,-22,"WSH"
"2121",34,-23,"WSH"
"2122",50,30,"WSH"
"2123",57,5,"WSH"
"2124",40,-29,"WSH"
"2125",41,-33,"WSH"
"2126",62,-3,"WSH"
"2127",39,-5,"WSH"
"2128",41,22,"WSH"
"2129",51,-16,"WSH"
"2130",67,-12,"WSH"
"2131",55,-7,"WSH"
"2132",67,4,"WSH"
"2133",55,20,"WSH"
"2134",62,-16,"WSH"
"2135",36,-15,"WSH"
"2136",75,-27,"WSH"
"2137",57,25,"WSH"
"2138",50,-1,"WSH"
"2139",37,13,"WSH"
"2140",64,-28,"WSH"
"2141",39,-25,"WSH"
"2142",76,12,"WSH"
"2143",36,-23,"WSH"
"2144",14,-32,"WSH"
"2145",82,8,"WSH"
"2146",23,-6,"WSH"
"2147",44,21,"WSH"
"2148",82,18,"WSH"
"2149",79,-6,"WSH"
"2150",61,21,"WSH"
"2151",78,-34,"WSH"
"2152",46,22,"WSH"
"2153",42,-3,"WSH"
"2154",73,-1,"WSH"
"2155",48,18,"WSH"
"2156",73,41,"WSH"
"2157",84,-30,"WSH"
"2158",38,8,"WSH"
"2159",42,-21,"WSH"
"2160",78,17,"WSH"
"2161",40,15,"WSH"
"2162",65,-12,"WSH"
"2163",50,-11,"WSH"
"2164",52,-15,"WSH"
"2165",45,-21,"WSH"
"2166",39,-5,"WSH"
"2167",41,-23,"WSH"
"2168",40,8,"WSH"
"2169",48,-15,"WSH"
"2170",90,9,"WSH"
"2171",42,25,"WSH"
"2172",59,38,"WSH"
"2173",66,11,"WSH"
"2174",56,-21,"WSH"
"2175",3,1,"WSH"
"2176",47,28,"WSH"
"2177",62,28,"WSH"
"2178",73,-23,"WSH"
"2179",83,5,"WSH"
"2180",69,-12,"WSH"
"2181",36,26,"WSH"
"2182",79,-4,"WSH"
"2183",59,-6,"WSH"
"2184",72,10,"WSH"
"2185",37,-28,"WSH"
"2186",90,32,"WSH"
"2187",64,38,"WSH"
"2188",54,-8,"WSH"
"2189",65,22,"WSH"
"2190",32,5,"WSH"
"2191",33,31,"WSH"
"2192",76,0,"WSH"
"2193",74,-8,"WSH"
"2194",69,0,"WSH"
"2195",56,5,"WSH"
"2196",22,-12,"WSH"
"2197",39,13,"WSH"
"2198",54,22,"WSH"
"2199",57,-27,"WSH"
"2200",76,-15,"WSH"
"2201",51,5,"WSH"
"2202",3,-33,"WSH"
"2203",70,-36,"WSH"
"2204",84,20,"WSH"
"2205",66,5,"WSH"
"2206",67,-36,"WSH"
"2207",76,36,"WSH"
"2208",34,33,"WSH"
"2209",90,11,"WSH"
"2210",37,-9,"WSH"
"2211",37,-8,"WSH"
"2212",73,-2,"WSH"
"2213",81,5,"WSH"
"2214",83,7,"WSH"
"2215",51,9,"WSH"
"2216",35,-23,"WSH"
"2217",41,26,"WSH"
"2218",42,4,"WSH"
"2219",32,-37,"WSH"
"2220",73,-28,"WSH"
"2221",31,7,"WSH"
"2222",35,27,"WSH"
"2223",34,-34,"WSH"
"2224",72,-1,"WSH"
"2225",81,-6,"WSH"
"2226",85,-8,"WSH"
"2227",76,-7,"WSH"
